Player,Team
Ja'Marr Chase,CIN
Saquon Barkley,PHI
Bijan Robinson,ATL
Jahmyr Gibbs,DET
Justin Jefferson,MIN
CeeDee Lamb,DAL
Puka Nacua,LAR
Amon-Ra St. Brown,DET
Ashton Jeanty,LV
Derrick Henry,BAL
Christian McCaffrey,SF
Malik Nabers,NYG
Nico Collins,HOU
De'Von Achane,MIA
Brian Thomas Jr.,JAC
Josh Jacobs,GB
Brock Bowers,LV
Bucky Irving,TB
Jonathan Taylor,IND
Drake London,ATL
Josh Allen,BUF
A.J. Brown,PHI
Lamar Jackson,BAL
Chase Brown,CIN
Kyren Williams,LAR
Ladd McConkey,LAC
Trey McBride,ARI
Jayden Daniels,WAS
Tyreek Hill,MIA
Breece Hall,NYJ
Jaxon Smith-Njigba,SEA
James Cook,BUF
Tee Higgins,CIN
Garrett Wilson,NYJ
George Kittle,SF
Jalen Hurts,PHI
Joe Burrow,CIN
Terry McLaurin,WAS
Marvin Harrison Jr.,ARI
Davante Adams,LAR
Alvin Kamara,NO
Mike Evans,TB
Chuba Hubbard,CAR
Omarion Hampton,LAC
Kenneth Walker III,SEA
Rashee Rice,KC
Joe Mixon,HOU
James Conner,ARI
DJ Moore,CHI
DK Metcalf,PIT
Sam LaPorta,DET
Courtland Sutton,DEN
David Montgomery,DET
RJ Harvey,DEN
Patrick Mahomes II,KC
DeVonta Smith,PHI
Zay Flowers,BAL
Jameson Williams,DET
D'Andre Swift,CHI
Isiah Pacheco,KC
TreVeyon Henderson,NE
Baker Mayfield,TB
T.J. Hockenson,MIN
Tetairoa McMillan,CAR
Aaron Jones Sr.,MIN
Xavier Worthy,KC
Travis Kelce,KC
Kaleb Johnson,PIT
Travis Hunter,JAC
Tony Pollard,TEN
George Pickens,DAL
Chris Godwin,TB
Bo Nix,DEN
Quinshon Judkins,CLE
Jaylen Waddle,MIA
Calvin Ridley,TEN
Chris Olave,NO
Jerry Jeudy,CLE
Mark Andrews,BAL
Jordan Addison,MIN
Tyrone Tracy Jr.,NYG
Brian Robinson Jr.,WAS
Rome Odunze,CHI
Jaylen Warren,PIT
Deebo Samuel Sr.,WAS
Evan Engram,DEN
Kyler Murray,ARI
Jared Goff,DET
David Njoku,CLE
Cooper Kupp,SEA
Travis Etienne Jr.,JAC
Jauan Jennings,SF
Stefon Diggs,NE
Najee Harris,LAC
Jayden Reed,GB
Khalil Shakir,BUF
Jakobi Meyers,LV
Justin Fields,NYJ
Jonnu Smith,PIT
Cam Skattebo,NYG
Brock Purdy,SF
Justin Herbert,LAC
Jordan Mason,MIN
Caleb Williams,CHI
Ricky Pearsall,SF
Zach Charbonnet,SEA
Tucker Kraft,GB
Dak Prescott,DAL
Javonte Williams,DAL
Matthew Golden,GB
Tyler Warren,IND
Rhamondre Stevenson,NE
Brandon Aiyuk,SF
Josh Downs,IND
J.K. Dobbins,DEN
Dalton Kincaid,BUF
Jordan Love,GB
Tyjae Spears,TEN
Colston Loveland,CHI
Drake Maye,NE
C.J. Stroud,HOU
Jake Ferguson,DAL
Emeka Egbuka,TB
Dallas Goedert,PHI
Rachaad White,TB
J.J. McCarthy,MIN
Michael Pittman Jr.,IND
Tank Bigsby,JAC
Jaydon Blue,DAL
Darnell Mooney,ATL
Isaac Guerendo,SF
Keon Coleman,BUF
Bhayshul Tuten,JAC
Jayden Higgins,HOU
Austin Ekeler,WAS
Kyle Pitts,ATL
Nick Chubb,HOU
Tre' Harris,LAC
Jerome Ford,CLE
Tua Tagovailoa,MIA
Brandon Aubrey,DAL
Luther Burden III,CHI
Ray Davis,BUF
Rico Dowdle,CAR
Trey Benson,ARI
Cameron Ward,TEN
Matthew Stafford,LAR
Michael Penix Jr.,ATL
Marvin Mims Jr.,DEN
Marquise Brown,KC
DeAndre Hopkins,BAL
Geno Smith,LV
Braelon Allen,NYJ
Bryce Young,CAR
Rashid Shaheed,NO
Jack Bech,LV
Trevor Lawrence,JAC
Isaiah Likely,BAL
Cameron Dicker,LAC
Sam Darnold,SEA
Tyler Allgeier,ATL
Aaron Rodgers,PIT
Christian Kirk,HOU
Jaylen Wright,MIA
Jalen McMillan,TB
Adam Thielen,CAR
Cade Otton,TB
Kyle Williams,NE
Jake Bates,DET
Hunter Henry,NE
Zach Ertz,WAS
Rashod Bateman,BAL
Mike Gesicki,CIN
Kareem Hunt,KC
Anthony Richardson Sr.,IND
Dylan Sampson,CLE
Ka'imi Fairbairn,HOU
Blake Corum,LAR
Brenton Strange,JAC
Roschon Johnson,CHI
Chris Boswell,PIT
Pat Freiermuth,PIT
Harrison Butker,KC
Darren Waller,MIA
Shedeur Sanders,CLE
Cedric Tillman,CLE
Mason Taylor,NYJ
Wil Lutz,DEN
Xavier Legette,CAR
Wan'Dale Robinson,NYG
Justice Hill,BAL
Chase McLaughlin,TB
Quentin Johnston,LAC
Romeo Doubs,GB
Evan McPherson,CIN
Kyle Monangai,CHI
MarShawn Lloyd,GB
Chig Okonkwo,TEN
Dalton Schultz,HOU
Alec Pierce,IND
Russell Wilson,NYG
Brashard Smith,KC
Joshua Palmer,BUF
DeMario Douglas,NE
DJ Giddens,IND
Tyler Bass,BUF
Will Shipley,PHI
Devin Neal,NO
Jason Sanders,MIA
Jarquez Hunter,LAR
Brandon McManus,GB
Jake Elliott,PHI
Jaxson Dart,NYG
Tyler Shough,NO
Miles Sanders,DAL
Juwan Johnson,NO
Jaylin Noel,HOU
Daniel Jones,IND
Pat Bryant,DEN
Jaleel McLaughlin,DEN
Younghoe Koo,ATL
Elijah Arroyo,SEA
Dyami Brown,JAC
Theo Johnson,NYG
Darius Slayton,NYG
Tyler Loop,BAL
Michael Wilson,ARI
Raheem Mostert,LV
Matt Gay,WAS
Ja'Tavion Sanders,CAR
Dont'e Thornton Jr.,LV
Jake Moody,SF
Joe Flacco,CLE
Tyler Conklin,LAC
Elijah Mitchell,KC
Joshua Karty,LAR
Tahj Brooks,CIN
Terrance Ferguson,LAR
Jalen Royals,KC
Jordan James,SF
Will Reichard,MIN
Calvin Austin III,PIT
Zack Moss,CIN
Tyler Lockett,TEN
Daniel Carlson,LV
Elic Ayomanor,TEN
Jalen Milroe,SEA
Cole Kmet,CHI
Adonai Mitchell,IND
Ollie Gordon II,MIA
Dontayvion Wicks,GB
Noah Gray,KC
Keaton Mitchell,BAL
Trevor Etienne,CAR
Kirk Cousins,ATL
Antonio Gibson,NE
Tyler Higbee,LAR
Woody Marks,HOU
Jalen Coker,CAR
Harold Fannin Jr.,CLE
Taysom Hill,NO
A.J. Dillon,PHI
Diontae Johnson,CLE
Jacory Croskey-Merritt,WAS
Ray-Ray McCloud III,ATL
Roman Wilson,PIT
Kendre Miller,NO
Tory Horton,SEA
Xavier Restrepo,TEN
Andrei Iosivas,CIN
Brandin Cooks,NO
Audric Estime,DEN
Kenny Pickett,CLE
Oronde Gadsden II,LAC
Alexander Mattison,MIA
Isaac TeSlaa,DET
Jordan Whittington,LAR
Jalen Nailor,MIN
Tutu Atwell,LAR
Ben Sinnott,WAS
Christian Watson,GB
Devin Singletary,NYG
Kayshon Boutte,NE
Khalil Herbert,IND
Troy Franklin,DEN
Marquez Valdes-Scantling,SEA
Tre Tucker,LV
Damien Martinez,SEA
Jalen Tolbert,DAL
Sean Tucker,TB
Jameis Winston,NYG
Kenneth Gainwell,PIT
Samaje Perine,CIN
Emanuel Wilson,GB
Jermaine Burton,CIN
Joe Milton III,DAL
Devaughn Vele,DEN
Mason Rudolph,PIT
Spencer Rattler,NO
Elijah Moore,BUF
Jaylin Lane,WAS
Aidan O'Connell,LV
Ty Johnson,BUF
Dameon Pierce,HOU
Isaiah Davis,NYJ
Savion Williams,GB
Phil Mafah,DAL